{
  "name": "harp_wood_plank",
  "base_verts": 162,
  "base_faces": 160,
  "eval_verts": 642,
  "eval_faces": 640,
  "bbox_min": [
    -0.9527084272697417,
    -31.211255970539526,
    17.11610984802246
  ],
  "bbox_max": [
    1.6473052394226755,
    52.103676019464075,
    151.6319122314453
  ],
  "dims": [
    2.6000136666924174,
    83.3149319900036,
    134.51580238342285
  ],
  "centroid": [
    0.3513917557574726,
    10.44220652615824,
    84.38742842926786
  ],
  "principal_axes": [
    [
      3.807473468457577e-08,
      0.5256593993227865,
      0.8506951251203959
    ],
    [
      0.9999997748485234,
      0.0005708356524937477,
      -0.0003527740926992308
    ],
    [
      -0.0006710461244862703,
      0.8506949335985642,
      -0.5256592809480621
    ]
  ],
  "obb_min": [
    -79.00199779074894,
    -1.3040766427625388,
    -0.4809135504761599
  ],
  "obb_max": [
    78.9915015742914,
    1.2959423370445784,
    0.2340503513894987
  ],
  "obb_dims": [
    157.99349936504035,
    2.600018979807117,
    0.7149639018656586
  ],
  "n_sections": 7,
  "sections": [
    {
      "s": -79.00199779074894,
      "world_pos": [
        0.35138874777736717,
        -31.08593617782696,
        17.180814033905435
      ],
      "n_pts": 28,
      "outline_e1e2": [
        [
          -1.3040582312660307,
          0.03985158241517439
        ],
        [
          -1.2988320671836382,
          -0.03926377098051148
        ],
        [
          -1.2619231068689065,
          -0.10665234185649553
        ],
        [
          -1.1647217107149646,
          -0.16986692031518658
        ],
        [
          -0.9908686579095288,
          -0.2491525561061465
        ],
        [
          -0.731495949142811,
          -0.35514258188847947
        ],
        [
          -0.3954513834498454,
          -0.44729414313662375
        ],
        [
          -0.003794608569906363,
          -0.4809135504761599
        ],
        [
          0.3912832032002947,
          -0.4458394216451964
        ],
        [
          0.7358890814752012,
          -0.3504274646133041
        ],
        [
          1.0004530681218362,
          -0.24256012600966415
        ],
        [
          1.1693151341344523,
          -0.16573711149946035
        ],
        [
          1.2581278852254973,
          -0.10635827312365365
        ],
        [
          1.2911739419715198,
          -0.040731666361587315
        ],
        [
          1.2959423370445784,
          0.03812206835266352
        ],
        [
          1.2959420370628314,
          0.03813282780287608
        ],
        [
          1.2959415883250909,
          0.038141916549157884
        ],
        [
          1.291286721555195,
          0.1270108127844125
        ],
        [
          1.258332286434968,
          0.19830166065750632
        ],
        [
          1.169579474882747,
          0.22826311806990418
        ],
        [
          1.000771888987758,
          0.23264358696743415
        ],
        [
          0.736280273663809,
          0.23282466422784864
        ],
        [
          -0.7311007840385625,
          0.2338091414484822
        ],
        [
          -0.9905444581986408,
          0.23397957639743794
        ],
        [
          -1.164453550832104,
          0.22982579360638056
        ],
        [
          -1.2617173809948685,
          0.1999820259406775
        ],
        [
          -1.298718728943074,
          0.1287222959070604
        ],
        [
          -1.2987193653013842,
          0.12871825883666332
        ]
      ]
    },
    {
      "s": -52.66974789657556,
      "world_pos": [
        0.35138975037079556,
        -17.24414151563827,
        39.581530652330805
      ],
      "n_pts": 29,
      "outline_e1e2": [
        [
          -1.3040623757587004,
          0.039888107920351246
        ],
        [
          -1.2988362084108926,
          -0.0392223777598808
        ],
        [
          -1.2988347151371844,
          -0.03923860368859877
        ],
        [
          -1.2988331602086045,
          -0.03925440893249288
        ],
        [
          -1.2619243193603902,
          -0.10664336238769323
        ],
        [
          -1.1647228004745156,
          -0.1698526905517035
        ],
        [
          -0.9908698657898706,
          -0.24913670369086915
        ],
        [
          -0.7314970373982815,
          -0.3551261095968776
        ],
        [
          -0.39545253901778055,
          -0.4472780534592289
        ],
        [
          -0.003795787419696009,
          -0.48089884605849065
        ],
        [
          0.391281992113991,
          -0.44582834501037283
        ],
        [
          0.7358879282321941,
          -0.35041901320578717
        ],
        [
          1.0004490809211586,
          -0.24255567686120116
        ],
        [
          1.0004521515360194,
          -0.242554299949429
        ],
        [
          1.169313981307054,
          -0.1657280401356438
        ],
        [
          1.2581268499449267,
          -0.10635168166504272
        ],
        [
          1.291171397474122,
          -0.04072998047351106
        ],
        [
          1.2911729057013779,
          -0.04072655211269449
        ],
        [
          1.2959403095397906,
          0.038140923329933685
        ],
        [
          1.2912854415825226,
          0.12700805163127526
        ],
        [
          1.2583311310150167,
          0.19830686692138855
        ],
        [
          1.1695768130563289,
          0.22826761309529076
        ],
        [
          1.0007692285070662,
          0.2326500872238526
        ],
        [
          0.7362791168981319,
          0.23282786526069899
        ],
        [
          -0.7311019408042396,
          0.23381234248132898
        ],
        [
          -0.9905471186793326,
          0.23398607665385285
        ],
        [
          -1.164456211025814,
          0.22983272248949405
        ],
        [
          -1.2617212458792222,
          0.19999110542750742
        ],
        [
          -1.2987234584518619,
          0.1287424696511117
        ]
      ]
    },
    {
      "s": -26.337498002402164,
      "world_pos": [
        0.3513907529642239,
        -3.402346853449572,
        61.982247270756176
      ],
      "n_pts": 31,