{
  "name": "harp_white_wood_01",
  "base_verts": 126,
  "base_faces": 82,
  "eval_verts": 415,
  "eval_faces": 328,
  "bbox_min": [
    -28.688934267378023,
    -30.74571984204888,
    16.576826095581055
  ],
  "bbox_max": [
    29.571340619706938,
    52.4205551866267,
    151.8898162841797
  ],
  "dims": [
    58.26027488708496,
    83.16627502867559,
    135.31299018859863
  ],
  "centroid": [
    0.44119784559796194,
    -1.4524250851382396,
    64.66925852212562
  ],
  "principal_axes": [
    [
      -3.692431067464216e-08,
      0.5250879235826725,
      0.851047984844354
    ],
    [
      0.9999999999999987,
      5.101571019845674e-08,
      1.1910700121443101e-08
    ],
    [
      -3.7162652564615806e-08,
      0.8510479848443533,
      -0.525087923582674
    ]
  ],
  "obb_min": [
    -56.210913273070176,
    -29.130133681398277,
    -0.06552327076825293
  ],
  "obb_max": [
    102.51693126850826,
    29.130141205687092,
    0.5200241663947267
  ],
  "obb_dims": [
    158.72784454157843,
    58.26027488708537,
    0.5855474371629796
  ],
  "n_sections": 7,
  "sections": [
    {
      "s": -56.210913273070176,
      "world_pos": [
        0.4411999211471869,
        -30.968096818380346,
        16.831074054818494
      ],
      "n_pts": 30,
      "outline_e1e2": [
        [
          -29.130133681398277,
          -0.058600609252742686
        ],
        [
          -29.127491946477974,
          -0.0593627880207066
        ],
        [
          -29.0657166818299,
          -0.060118774813744835
        ],
        [
          -28.94408881689909,
          -0.06087432429212569
        ],
        [
          -28.757616820709455,
          -0.06164444567469474
        ],
        [
          -28.50686908412733,
          -0.06241203657594596
        ],
        [
          -28.21904821610933,
          -0.06312369446230193
        ],
        [
          -27.917597441011274,
          -0.06372960974496422
        ],
        [
          -27.584349261844746,
          -0.06426003734976149
        ],
        [
          -27.17887932903731,
          -0.06476142137398355
        ],
        [
          -26.61339810243188,
          -0.06530734437980712
        ],
        [
          -25.838520508793856,
          -0.06552327076825293
        ],
        [
          12.919239539119225,
          -0.06552096046250355
        ],
        [
          25.838477629634234,
          -0.06551802603518908
        ],
        [
          26.61337611326673,
          -0.06530194235893205
        ],
        [
          27.178838185001155,
          -0.06475590457291958
        ],
        [
          27.584294689571657,
          -0.06425443824723232
        ],
        [
          27.91756376809578,
          -0.06372556624236125
        ],
        [
          28.219048784015055,
          -0.06313257572903197
        ],
        [
          28.50688289952119,
          -0.06244845458763848
        ],
        [
          28.75762670957164,
          -0.06169379875135661
        ],
        [
          28.94409859155413,
          -0.060910653556781824
        ],
        [
          29.065726341854063,
          -0.06012748422164904
        ],
        [
          29.127499584894714,
          -0.05935849892791012
        ],
        [
          29.130141205687092,
          -0.058594696378527544
        ],
        [
          23.40680653490801,
          0.482307379331246
        ],
        [
          22.919164251052617,
          0.5194505163647918
        ],
        [
          5.1670803578925905e-06,
          0.5200241663947267
        ],
        [
          -22.919155527390085,
          0.5194458642030959
        ],
        [
          -23.406795912602078,
          0.48230262818746183
        ]
      ]
    },
    {
      "s": -29.756272516140438,
      "world_pos": [
        0.4411989443278128,
        -17.077084434198568,
        39.34524276078486
      ],
      "n_pts": 42,
      "outline_e1e2": [
        [
          -29.130133681398277,
          -0.058600609252742686
        ],
        [
          -29.127491946477974,
          -0.0593627880207066
        ],
        [
          -29.0657166818299,
          -0.060118774813744835
        ],
        [
          -14.532855925908562,
          -0.06012279131910603
        ],
        [
          14.532864632259235,
          -0.06012895917149308
        ],
        [
          29.065726341854063,
          -0.06012748422164904
        ],
        [
          29.127499584894714,
          -0.05935849892791012
        ],
        [
          29.130141205687092,
          -0.058594696378527544
        ],
        [
          29.07551277571482,
          -0.05780873788587826
        ],
        [
          28.974407977988587,
          -0.05697829873040661
        ],
        [
          28.838852644071995,
          -0.0560949765166896
        ],
        [
          28.676874810259633,
          -0.05522608232045556
        ],
        [
          28.49501287353317,
          -0.05443252399811627
        ],
        [
          28.29787498647194,
          -0.05369512313529512
        ],
        [
          28.088823801479435,
          -0.052978517718392126
        ],
        [
          27.86819119549981,
          -0.05226867528874202
        ],
        [
          26.856872754822522,
          -0.049142651481007604
        ],
        [
          26.506027340170704,
          -0.048095587753357094
        ],
        [
          26.09172251892716,
          -0.046921998201238324
        ],
        [
          25.622274334373785,
          -0.045660026855847136
        ],
        [
          25.116355733118006,
          -0.04434953948566189
        ],
        [
          24.59173557787868,
          -0.04302074448230364
        ],
        [
          24.05230485992761,
          -0.04167399806673977
        ],
        [
          23.50035048982911,
          -0.04030879714069613
        ],
        [
          11.750176921103181,
          -0.040306363376986454
        ],
        [
          -11.750171170022362,
          -0.04030956006561759
        ],
        [
          -23.500345692422194,
          -0.040313567272751705
        ],
        [
          -24.052299861142064,
          -0.041678880235207494
        ],
        [
          -24.5917322871119,
          -0.04302573614531191
        ],
        [
          -25.116350336828635,
          -0.04435463763655889
        ],
        [
          -25.622270648536727,
          -0.04566522769895087
        ],
        [
          -26.091714828485312,
          -0.04692729433315712
        ],
        [
          -26.506021381143142,
          -0.04810096798159336
        ],
        [
          -26.856864732970823,
          -0.049148102924107206
        ],
        [
          -27.868180798519134,
          -0.05227433201036824
        ],
        [
          -28.088817113437944,
          -0.052984219224697426
        ],
        [
          -28.29786628550111,
          -0.05370086707488575
        ],
        [
          -28.49500215637445,
          -0.054438307952811016
        ],
        [
          -28.67686778922807,
          -0.05523190319010496
        ],
        [
          -28.83884358395575,
          -0.056100830264611545
        ],
        [
          -28.974400692055763,
          -0.0569841799937123
        ],
        [
          -29.075503459637147,
          -0.057814639671363466
        ]
      ]
    },
    {
      "s": -3.3016317592107,
      "world_pos": [
        0.44119796750843876,
        -3.1860720500167927,
        61.85941146675123
      ],
      "n_pts": 7,