{
  "name": "harp_wood_inside1",
  "base_verts": 76,
  "base_faces": 63,
  "eval_verts": 277,
  "eval_faces": 252,
  "bbox_min": [
    -6.159496212313835,
    -35.380162288910526,
    174.6089630126953
  ],
  "bbox_max": [
    -3.1822941028945015,
    -26.18896163427055,
    189.7649383544922
  ],
  "dims": [
    2.9772021094193333,
    9.191200654639974,
    15.155975341796875
  ],
  "centroid": [
    -4.670895242189419,
    -32.86783006658697,
    179.47082189015964
  ],
  "principal_axes": [
    [
      -7.198236352063046e-08,
      0.5435756491694905,
      0.8393601811081832
    ],
    [
      -3.8562726048548236e-05,
      0.839360180482577,
      -0.5435756487676503
    ],
    [
      0.9999999992564554,
      3.2407144580085266e-05,
      -2.090133971594858e-05
    ]
  ],
  "obb_min": [
    -5.445743567141493,
    -4.723523455708495,
    -1.4887820373164673
  ],
  "obb_max": [
    12.270941634842634,
    2.3796327019090335,
    1.4886182796209617
  ],
  "obb_dims": [
    17.716685201984127,
    7.103156157617528,
    2.977400316937429
  ],
  "n_sections": 7,
  "sections": [
    {
      "s": -5.445743567141493,
      "world_pos": [
        -4.670894850191926,
        -35.82800366130648,
        174.89988158337502
      ],
      "n_pts": 16,
      "outline_e1e2": [
        [
          -0.28423858061108387,
          1.488589415933371
        ],
        [
          -0.28412097685894766,
          -1.4886113282819196
        ],
        [
          -0.037238011977131835,
          -1.4886018432883672
        ],
        [
          0.46663292684326274,
          -1.4885824645214034
        ],
        [
          0.5771064702357185,
          -1.4870652117922991
        ],
        [
          0.6285866266420308,
          -1.485607450292956
        ],
        [
          0.6877653271956894,
          -1.470423157369534
        ],
        [
          0.7000740725017132,
          -1.3924884191281677
        ],
        [
          0.7026030400469345,
          -0.9560731261482711
        ],
        [
          0.7025378561735616,
          0.9561275620747436
        ],
        [
          0.6999753492587257,
          1.3925428977992214
        ],
        [
          0.6876523202368277,
          1.4704769278158705
        ],
        [
          0.6284641586642077,
          1.4856552405996881
        ],
        [
          0.5769838903505793,
          1.48710976204192
        ],
        [
          0.46651343259493316,
          1.4886182796209617
        ],
        [
          0.16757433444905967,
          1.4886072631346956
        ]
      ]
    },
    {
      "s": -2.4929627001441386,
      "world_pos": [
        -4.6708950627400725,
        -34.22294388467314,
        177.3783282666707
      ],
      "n_pts": 17,
      "outline_e1e2": [
        [
          -2.2211947008880837,
          1.4885149353038583
        ],
        [
          -2.2210802990409326,
          -1.488685809034434
        ],
        [
          -1.1255523244791623,
          -1.488643703018274
        ],
        [
          -0.5278931458392201,
          -1.488620724589759
        ],
        [
          -0.037238011977131835,
          -1.4886018432883672
        ],
        [
          0.04289933822961878,
          -1.4870857601435665
        ],
        [
          0.08902997589549422,
          -1.4764972492085515
        ],
        [
          0.10672122392953276,
          -1.3932961147342884
        ],
        [
          0.1092447784548436,
          -0.9560959480282831
        ],
        [
          0.10920803936049572,
          4.515133049092299e-06
        ],
        [
          0.10917130027530653,
          0.9561047398758028
        ],
        [
          0.10662244039492941,
          1.3933042348610105
        ],
        [
          0.0889247982433845,
          1.476504009687727
        ],
        [
          0.04279334694764336,
          1.48708945274709
        ],
        [
          -0.03735241382428245,
          1.4885989010499256
        ],
        [
          -0.4884652114010084,
          1.4885817935922496
        ],
        [
          -1.1256501377231491,
          1.488557280376455
        ]
      ]
    },
    {
      "s": 0.45981816685321597,
      "world_pos": [
        -4.670895275288218,
        -32.6178841080398,
        179.8567749499664
      ],
      "n_pts": 13,
      "outline_e1e2": [
        [
          -3.7660075997312097,
          1.4884555318457646
        ],
        [
          -3.765893197884059,
          -1.4887452124925282
        ],
        [
          -0.5213326521875876,
          -1.4886205396602965
        ],
        [
          -0.011937596648640247,
          -1.4870879643085595
        ],
        [
          0.09594495176406193,
          -1.4764970804691762
        ],
        [
          0.11385308403864391,
          -1.3932959374691758
        ],
        [
          0.11639978513572624,
          -0.9560957698465659
        ],
        [
          0.11632630695618618,
          0.9561049180575201
        ],
        [
          0.11373931284420502,
          1.3933044115497653
        ],
        [
          0.0958199835946415,
          1.4765041776662424
        ],
        [
          -0.012051882236779665,
          1.4870872482631672
        ],
        [
          -0.5214387597285743,
          1.488580204996925
        ],
        [
          -1.553588078503163,
          1.488540805686649
        ]
      ]
    },
    {
      "s": 3.4125990338505705,
      "world_pos": [
        -4.670895487836364,
        -31.012824331406467,
        182.33522163326208
      ],
      "n_pts": 12,
      "outline_e1e2": [
        [
          -4.723523455708495,
          1.4884187070218255
        ],
        [
          -4.723409053861344,
          -1.4887820373164673
        ],
        [
          -4.707726671315054,
          -1.4887814586841805
        ],
        [
          -0.28671187640929485,
          -1.488611543641521
        ],
        [
          -0.003589048072957457,
          -1.4885997406002451
        ],
        [
          0.8983161288740833,
          -1.4870535031523562
        ],
        [
          1.6675546817343883,
          -1.4754005782067228
        ],
        [
          1.6674313941580925,
          1.4755281072835964
        ],
        [
          0.898213339478771,
          1.48712218669846
        ],
        [
          -0.0037034498651404846,
          1.4885995732265742
        ],
        [
          -1.804047564743576,
          1.4885309092462617
        ],
        [
          -4.308168738395276,
          1.4884346832777189
        ]
      ]
    },
    {
      "s": 6.365379900847925,
      "world_pos": [
        -4.670895700384509,
        -29.40776455477313,
        184.81366831655774
      ],
      "n_pts": 19,