{
  "name": "harp_white_wood_02",
  "base_verts": 126,
  "base_faces": 82,
  "eval_verts": 415,
  "eval_faces": 328,
  "bbox_min": [
    -27.902462219313787,
    -29.716478275899302,
    16.854299545288086
  ],
  "bbox_max": [
    28.784850860523306,
    52.929065776229294,
    152.36973571777344
  ],
  "dims": [
    56.6873130798371,
    82.6455440521286,
    135.51543617248535
  ],
  "centroid": [
    0.44120035460671436,
    -0.16629279995937019,
    64.67363399367734
  ],
  "principal_axes": [
    [
      4.474615656687517e-08,
      0.5183353942269119,
      0.8551774196572486
    ],
    [
      0.9999999999999879,
      -1.4964715064137968e-07,
      3.8379472494624116e-08
    ],
    [
      1.4786830315027656e-07,
      0.8551774196572364,
      -0.5183353942269123
    ]
  ],
  "obb_min": [
    -56.210922081450434,
    -28.343660684555854,
    -0.520016508414912
  ],
  "obb_max": [
    102.5169296056205,
    28.34365239528195,
    0.06552234850487793
  ],
  "obb_dims": [
    158.72785168707094,
    56.68731307983781,
    0.5855388569197899
  ],
  "n_sections": 7,
  "sections": [
    {
      "s": -56.210922081450434,
      "world_pos": [
        0.44119783938399415,
        -29.30240325690621,
        16.603322691507906
      ],
      "n_pts": 30,
      "outline_e1e2": [
        [
          -28.343660684555854,
          0.058593129463055504
        ],
        [
          -22.774845477553903,
          -0.4823112955610398
        ],
        [
          -22.30036958470995,
          -0.5194523809602423
        ],
        [
          -3.1513583111037633e-06,
          -0.520016508414912
        ],
        [
          22.30036321863598,
          -0.5194457501946097
        ],
        [
          22.77483904698273,
          -0.4823017724940044
        ],
        [
          28.34365239528195,
          0.058594087173066356
        ],
        [
          28.34108334786814,
          0.05936116438308048
        ],
        [
          28.280973407076903,
          0.060116266781086836
        ],
        [
          28.16263211301664,
          0.06087600050039654
        ],
        [
          27.981191910918,
          0.06164290862119515
        ],
        [
          27.737209744002577,
          0.06241215150730284
        ],
        [
          27.457159604003316,
          0.06312244131848388
        ],
        [
          27.163847652411256,
          0.06373168271432306
        ],
        [
          26.839596585433878,
          0.06425902977442632
        ],
        [
          26.445074973923383,
          0.06476053989188202
        ],
        [
          25.894862221632938,
          0.0653039958580166
        ],
        [
          25.14090650113032,
          0.06552234850487793
        ],
        [
          12.570451903656448,
          0.0655220005837478
        ],
        [
          -25.140868019744843,
          0.06551606346851813
        ],
        [
          -25.89484114750938,
          0.06529890887443202
        ],
        [
          -26.44503694929604,
          0.0647551368771282
        ],
        [
          -26.839545412858758,
          0.06425340015465508
        ],
        [
          -27.1638176765699,
          0.06372685548859636
        ],
        [
          -27.45715848071795,
          0.06312990197313795
        ],
        [
          -27.737224154933525,
          0.06244732996627533
        ],
        [
          -27.981198988754073,
          0.061694011719499287
        ],
        [
          -28.162641400789234,
          0.060913850674833014
        ],
        [
          -28.2809829985688,
          0.06012617031508327
        ],
        [
          -28.34109133475287,
          0.059360208148781624
        ]
      ]
    },
    {
      "s": -29.756280133605276,
      "world_pos": [
        0.44119902312754467,
        -15.590025993738088,
        39.22673513042253
      ],
      "n_pts": 40,
      "outline_e1e2": [
        [
          -28.343660684555854,
          0.058593129463055504
        ],
        [
          -28.29050684594263,
          0.05781031412580262
        ],
        [
          -28.192129780832374,
          0.056976243317503616
        ],
        [
          -28.060234891945115,
          0.0560937483469921
        ],
        [
          -27.902628941597037,
          0.055226321073195805
        ],
        [
          -27.725676736617206,
          0.05443599603007421
        ],
        [
          -27.53386245819318,
          0.05369503629880512
        ],
        [
          -27.330459125158406,
          0.0529772457396529
        ],
        [
          -27.11577763989856,
          0.05226853021229161
        ],
        [
          -26.13176374850159,
          0.04914238759184464
        ],
        [
          -25.790394325564307,
          0.04809653962779947
        ],
        [
          -25.38727451774829,
          0.046921951421712293
        ],
        [
          -24.930504826104183,
          0.045663456322349916
        ],
        [
          -24.438245107706297,
          0.04435271602148916
        ],
        [
          -23.927787377689324,
          0.04302399207831087
        ],
        [
          -23.402921537625414,
          0.041672858835910986
        ],
        [
          -22.865869649857654,
          0.04030358853667604
        ],
        [
          22.865863672287066,
          0.04031054411931834
        ],
        [
          23.40291609360174,
          0.041677330041937743
        ],
        [
          23.927784369138077,
          0.04302958032283222
        ],
        [
          24.438240716880163,
          0.04435778190606854
        ],
        [
          24.930500956978033,
          0.04566962051628565
        ],
        [
          25.38727115180821,
          0.04692919353992231
        ],
        [
          25.79038951843093,
          0.04810319773235072
        ],
        [
          26.13175935330642,
          0.049148426214543406
        ],
        [
          27.115768762081174,
          0.05227268735802326
        ],
        [
          27.33044671285647,
          0.05298152619501373
        ],
        [
          27.533854140320322,
          0.05369780246645206
        ],
        [
          27.725668707111726,
          0.054437241252289326
        ],
        [
          27.902621226251778,
          0.055230930177827986
        ],
        [
          28.060225618312106,
          0.05609518573530181
        ],
        [
          28.192120860041264,
          0.05697449422190459
        ],
        [
          28.29049825049801,
          0.057806990415492976
        ],
        [
          28.34365239528195,
          0.058594087173066356
        ],
        [
          28.34108334786814,
          0.05936116438308048
        ],
        [
          28.280973407076903,
          0.060116266781086836
        ],
        [
          14.140484782502583,
          0.06012105366168896
        ],
        [
          -4.438117591097149e-06,
          0.06012420942064267
        ],
        [
          -28.2809829985688,
          0.06012617031508327
        ],
        [
          -28.34109133475287,
          0.059360208148781624
        ]
      ]
    },
    {
      "s": -3.301638185760119,
      "world_pos": [
        0.4412002068710952,
        -1.8776487305699676,
        61.85014756933717
      ],
      "n_pts": 6,
      "outline_e1e2": [
        [
          -23.927787377689324,
          0.04302399207831087
        ],
        [
          -17.295224934420794,
          0.02275997690723397
        ],
        [
          -2.0559520826712833e-06,
          0.022706678373944023
        ],
        [
          8.647609919719253,
          0.02270426855517904
        ],
        [
          17.295223445110306,
          0.02270471319945333
        ],
        [
          23.927784369138077,
          0.04302958032283222
        ]
      ]
    },
    {
      "s": 23.153003762085035,