{
  "name": "harp_wood_inside",
  "base_verts": 104,
  "base_faces": 92,
  "eval_verts": 391,
  "eval_faces": 368,
  "bbox_min": [
    -20.748652531364915,
    -31.92175860095102,
    15.292601585388184
  ],
  "bbox_max": [
    21.372160838386062,
    -4.630753943202943,
    15.884101867675781
  ],
  "dims": [
    42.12081336975098,
    27.291004657748076,
    0.5915002822875977
  ],
  "centroid": [
    0.31174035168980263,
    -18.940998050994775,
    15.742848081661917
  ],
  "principal_axes": [
    [
      0.999999999999999,
      4.080533203209976e-08,
      -5.195677116993409e-09
    ],
    [
      -4.079117591697188e-08,
      0.9999963656460189,
      0.0026960516967458603
    ],
    [
      5.305671518725019e-09,
      -0.002696051696745555,
      0.99999636564602
    ]
  ],
  "obb_min": [
    -21.06039328592594,
    -12.98081096319675,
    -0.48882601782636426
  ],
  "obb_max": [
    21.06042008382528,
    14.30897821146989,
    0.1575137950631383
  ],
  "obb_dims": [
    42.12081336975122,
    27.28978917466664,
    0.6463398128895026
  ],
  "n_sections": 7,
  "sections": [
    {
      "s": -21.06039328592594,
      "world_pos": [
        -20.748652934236116,
        -18.940998910371118,
        15.74284819108492
      ],
      "n_pts": 21,
      "outline_e1e2": [
        [
          -12.822498068261714,
          -0.0016273290493342973
        ],
        [
          -12.716455995651069,
          -0.1661937597959358
        ],
        [
          -12.482750220670464,
          -0.3729927689715662
        ],
        [
          -7.462292844920443,
          -0.41389498417935106
        ],
        [
          -4.819917462200439,
          -0.4332451381436311
        ],
        [
          -2.063302212582907,
          -0.4438519327760328
        ],
        [
          0.6224561910286887,
          -0.4518224619790371
        ],
        [
          3.18601770548464,
          -0.45883792658760386
        ],
        [
          3.186213117769211,
          -0.23177731021355139
        ],
        [
          3.183787054319124,
          -0.05204828391978292
        ],
        [
          3.17615145549927,
          0.04753435532535657
        ],
        [
          3.160882374122718,
          0.09219715161150703
        ],
        [
          3.1308000286037267,
          0.11571297999770747
        ],
        [
          3.0595522814995535,
          0.12793762228996652
        ],
        [
          2.9267771030023506,
          0.13273019774696526
        ],
        [
          -2.37843871778183,
          0.1476656746333013
        ],
        [
          -5.045283729718391,
          0.1542243159190241
        ],
        [
          -7.65281111361322,
          0.156818813441622
        ],
        [
          -10.025530870401981,
          0.15118421208604998
        ],
        [
          -11.782196644095432,
          0.13248461273489023
        ],
        [
          -12.628365504751116,
          0.09105220732231525
        ]
      ]
    },
    {
      "s": -14.040257724300737,
      "world_pos": [
        -13.72851737261092,
        -18.940998623912154,
        15.742848154610563
      ],
      "n_pts": 23,
      "outline_e1e2": [
        [
          -12.873393138857837,
          -0.0014900942882804316
        ],
        [
          -12.767351066246725,
          -0.1660565250348634
        ],
        [
          -12.533651018433652,
          -0.3728574261252676
        ],
        [
          3.18601770548464,
          -0.45883792658760386
        ],
        [
          5.5994097668609095,
          -0.4653445722328531
        ],
        [
          7.79440265559544,
          -0.47126239878315856
        ],
        [
          9.702717340451617,
          -0.47640732232581545
        ],
        [
          11.29615568503445,
          -0.48070331881023187
        ],
        [
          11.29605069096317,
          -0.25364189252378583
        ],
        [
          11.291514153654742,
          -0.0739071762740434
        ],
        [
          11.278150330149392,
          0.025690906586370563
        ],
        [
          11.251715669050357,
          0.07038380590227539
        ],
        [
          11.191987030343048,
          0.09397956233521598
        ],
        [
          11.014685345326708,
          0.10649013182901995
        ],
        [
          10.65757715963311,
          0.11188561320574618
        ],
        [
          10.260958646734784,
          0.11358911853031366
        ],
        [
          7.2926991051614065,
          0.12159268118656978
        ],
        [
          -2.55518021162684,
          0.14814315190033214
        ],
        [
          -5.180550074862858,
          0.1545871130747642
        ],
        [
          -7.74476171197416,
          0.15706864366683254
        ],
        [
          -10.091717099735606,
          0.1513626727376972
        ],
        [
          -11.837373691656198,
          0.13263529932521217
        ],
        [
          -12.6797946258793,
          0.09119278927208918
        ]
      ]
    },
    {
      "s": -7.020122162675534,
      "world_pos": [
        -6.708381810985724,
        -18.94099833745319,
        15.742848118136205
      ],
      "n_pts": 21,
      "outline_e1e2": [
        [
          -12.967088240743792,
          -0.0012374375300010718
        ],
        [
          -12.861053797499716,
          -0.16580384770735124
        ],
        [
          -12.627353749686467,
          -0.3726047487977485
        ],
        [
          11.29615568503445,
          -0.48070331881023187
        ],
        [
          12.560280071445929,
          -0.48411146331346877
        ],
        [
          13.49559403384642,
          -0.4866331135668281
        ],
        [
          14.095366556414852,
          -0.4882501226337789
        ],
        [
          14.09515713534661,
          -0.2611884148073798
        ],
        [
          14.089890088466454,
          -0.0814507753926756
        ],
        [
          14.074543579955426,
          0.01815169919932389
        ],
        [
          14.044248939797214,
          0.06285691255068267
        ],
        [
          13.969417965698094,
          0.08649338564670168
        ],
        [
          13.721443058198664,
          0.09919449391551634
        ],
        [
          13.126144107017316,
          0.10523405825103724
        ],
        [
          11.926059275404858,
          0.1091008950183564
        ],
        [
          -2.8185067171367217,
          0.14885314271159852
        ],
        [
          -5.387180819798749,
          0.15514520341058505
        ],
        [
          -7.890697016634204,
          0.15746214233389316
        ],
        [
          -10.203322150303416,
          0.15166361538884737
        ],
        [
          -11.935865761075302,
          0.13290088886870544
        ],
        [
          -12.774094355479194,
          0.09144707612707205
        ]
      ]
    },
    {
      "s": 1.3398949668896876e-05,
      "world_pos": [
        0.3117537506394715,
        -18.940998050994228,
        15.742848081661847
      ],
      "n_pts": 23,